ATCACG	ATTACTCG	N13C1
ATCACG	TCCGGAGA	N23C1
ATCACG	CGCTCATT	G33C1
ATCACG	GAGATTCC	G53C1
ATCACG	ATTCAGAA	B33C1
ATCACG	GAATTCGT	B43C1
ATCACG	CTGAAGCT	K43C1
ATCACG	TAATGCGC	K33C1
ATCACG	CGGCTATG	M43C1
ATCACG	TCCGCGAA	M33C1
CGATGT	ATTACTCG	N13C2
CGATGT	TCCGGAGA	N23C2
CGATGT	CGCTCATT	G33C2
CGATGT	GAGATTCC	G53C2
CGATGT	ATTCAGAA	B33C2
CGATGT	GAATTCGT	B43C2
CGATGT	CTGAAGCT	K43C2
CGATGT	TAATGCGC	K33C2
CGATGT	CGGCTATG	M43C2
CGATGT	TCCGCGAA	M33C2
TTAGGC	ATTACTCG	N13C3
TTAGGC	TCCGGAGA	N23C3
TTAGGC	CGCTCATT	G33C3
TTAGGC	GAGATTCC	G53C3
TTAGGC	ATTCAGAA	B33C3
TTAGGC	GAATTCGT	B43C3
TTAGGC	CTGAAGCT	K43C3
TTAGGC	TAATGCGC	K33C3
TTAGGC	CGGCTATG	M43C3
TTAGGC	TCCGCGAA	M33C3
TGGCCA	ATTACTCG	N13C4
TGGCCA	TCCGGAGA	N23C4
TGGCCA	CGCTCATT	G33C4
TGGCCA	GAGATTCC	G53C4
TGGCCA	ATTCAGAA	B33C4
TGGCCA	GAATTCGT	B43C4
TGGCCA	CTGAAGCT	K43C4
TGGCCA	TAATGCGC	K33C4
TGGCCA	CGGCTATG	M43C4
TGGCCA	TCCGCGAA	M33C4